"","od","num_airlines","average_delay","origin","dest","airport_origin","city_origin","state_origin","country_origin","latitude_origin","longitude_origin","airport_destination","city_destination","state_destination","country_destination","latitude_destination","longitude_destination"
"1","IAHMCO",3,0.286728309659964,"IAH","MCO","George Bush Intercontinental Airport","Houston","TX","USA",29.98047,-95.33972,"Orlando International Airport","Orlando","FL","USA",28.42889,-81.31603
"2","DENORD",4,0.258291452701529,"DEN","ORD","Denver International Airport","Denver","CO","USA",39.85841,-104.667,"Chicago O'Hare International Airport","Chicago","IL","USA",41.9796,-87.90446
"3","IAHORD",3,0.249741735105437,"IAH","ORD","George Bush Intercontinental Airport","Houston","TX","USA",29.98047,-95.33972,"Chicago O'Hare International Airport","Chicago","IL","USA",41.9796,-87.90446
"4","MCOORD",4,0.238409244789026,"MCO","ORD","Orlando International Airport","Orlando","FL","USA",28.42889,-81.31603,"Chicago O'Hare International Airport","Chicago","IL","USA",41.9796,-87.90446
"5","ORDSLC",4,0.233577437417421,"ORD","SLC","Chicago O'Hare International Airport","Chicago","IL","USA",41.9796,-87.90446,"Salt Lake City International Airport","Salt Lake City","UT","USA",40.78839,-111.97777
"6","LGAPBI",3,0.229909522147573,"LGA","PBI","LaGuardia Airport (Marine Air Terminal)","New York","NY","USA",40.77724,-73.87261,"Palm Beach International Airport","West Palm Beach","FL","USA",26.68316,-80.09559
"7","MSYORD",3,0.227751950026325,"MSY","ORD","Louis Armstrong New Orleans International Airport","New Orleans","LA","USA",29.99339,-90.25803,"Chicago O'Hare International Airport","Chicago","IL","USA",41.9796,-87.90446
"8","MSPORD",4,0.227742843630102,"MSP","ORD","Minneapolis-Saint Paul International Airport","Minneapolis","MN","USA",44.88055,-93.21692,"Chicago O'Hare International Airport","Chicago","IL","USA",41.9796,-87.90446
"9","DENIAH",3,0.226864385177796,"DEN","IAH","Denver International Airport","Denver","CO","USA",39.85841,-104.667,"George Bush Intercontinental Airport","Houston","TX","USA",29.98047,-95.33972
"10","JFKORD",3,0.225620083919679,"JFK","ORD","John F. Kennedy International Airport (New York International Airport)","New York","NY","USA",40.63975,-73.77893,"Chicago O'Hare International Airport","Chicago","IL","USA",41.9796,-87.90446
"11","ORDPHL",4,0.225089098689929,"ORD","PHL","Chicago O'Hare International Airport","Chicago","IL","USA",41.9796,-87.90446,"Philadelphia International Airport","Philadelphia","PA","USA",39.87195,-75.24114
"12","DTWIAH",3,0.224225796489266,"DTW","IAH","Detroit Metropolitan Airport","Detroit","MI","USA",42.21206,-83.34884,"George Bush Intercontinental Airport","Houston","TX","USA",29.98047,-95.33972
"13","LGAMIA",3,0.222245222592991,"LGA","MIA","LaGuardia Airport (Marine Air Terminal)","New York","NY","USA",40.77724,-73.87261,"Miami International Airport","Miami","FL","USA",25.79325,-80.29056
"14","BOSPBI",3,0.221884322917282,"BOS","PBI","Gen. Edward Lawrence Logan International Airport","Boston","MA","USA",42.36435,-71.00518,"Palm Beach International Airport","West Palm Beach","FL","USA",26.68316,-80.09559
"15","LAXSFO",5,0.216919172491418,"LAX","SFO","Los Angeles International Airport","Los Angeles","CA","USA",33.94254,-118.40807,"San Francisco International Airport","San Francisco","CA","USA",37.619,-122.37484
"16","FLLLGA",3,0.216914931937026,"FLL","LGA","Fort Lauderdale-Hollywood International Airport","Ft. Lauderdale","FL","USA",26.07258,-80.15275,"LaGuardia Airport (Marine Air Terminal)","New York","NY","USA",40.77724,-73.87261
"17","CLEDFW",3,0.216668702229844,"CLE","DFW","Cleveland Hopkins International Airport","Cleveland","OH","USA",41.41089,-81.8494,"Dallas/Fort Worth International Airport","Dallas-Fort Worth","TX","USA",32.89595,-97.0372
"18","IAHMSP",3,0.216620746976718,"IAH","MSP","George Bush Intercontinental Airport","Houston","TX","USA",29.98047,-95.33972,"Minneapolis-Saint Paul International Airport","Minneapolis","MN","USA",44.88055,-93.21692
"19","ORDPHX",4,0.214660121718147,"ORD","PHX","Chicago O'Hare International Airport","Chicago","IL","USA",41.9796,-87.90446,"Phoenix Sky Harbor International Airport","Phoenix","AZ","USA",33.43417,-112.00806
"20","LGAORD",3,0.212972225388261,"LGA","ORD","LaGuardia Airport (Marine Air Terminal)","New York","NY","USA",40.77724,-73.87261,"Chicago O'Hare International Airport","Chicago","IL","USA",41.9796,-87.90446
"21","FLLLAX",3,0.212334810195599,"FLL","LAX","Fort Lauderdale-Hollywood International Airport","Ft. Lauderdale","FL","USA",26.07258,-80.15275,"Los Angeles International Airport","Los Angeles","CA","USA",33.94254,-118.40807
"22","ORDRDU",3,0.209553424638079,"ORD","RDU","Chicago O'Hare International Airport","Chicago","IL","USA",41.9796,-87.90446,"Raleigh-Durham International Airport","Raleigh","NC","USA",35.87764,-78.78747
"23","BOSORD",4,0.209551166139654,"BOS","ORD","Gen. Edward Lawrence Logan International Airport","Boston","MA","USA",42.36435,-71.00518,"Chicago O'Hare International Airport","Chicago","IL","USA",41.9796,-87.90446
"24","LASORD",4,0.208503175332252,"LAS","ORD","McCarran International Airport","Las Vegas","NV","USA",36.08036,-115.15233,"Chicago O'Hare International Airport","Chicago","IL","USA",41.9796,-87.90446
"25","ATLORD",5,0.208412331392117,"ATL","ORD","Hartsfield-Jackson Atlanta International Airport","Atlanta","GA","USA",33.64044,-84.42694,"Chicago O'Hare International Airport","Chicago","IL","USA",41.9796,-87.90446
"26","ORDTPA",4,0.208080777968154,"ORD","TPA","Chicago O'Hare International Airport","Chicago","IL","USA",41.9796,-87.90446,"Tampa International Airport","Tampa","FL","USA",27.97547,-82.53325
"27","BOSLAS",3,0.205730961146052,"BOS","LAS","Gen. Edward Lawrence Logan International Airport","Boston","MA","USA",42.36435,-71.00518,"McCarran International Airport","Las Vegas","NV","USA",36.08036,-115.15233
"28","LAXORD",5,0.20567003622429,"LAX","ORD","Los Angeles International Airport","Los Angeles","CA","USA",33.94254,-118.40807,"Chicago O'Hare International Airport","Chicago","IL","USA",41.9796,-87.90446
"29","MCIORD",3,0.205605069758147,"MCI","ORD","Kansas City International Airport","Kansas City","MO","USA",39.29761,-94.71391,"Chicago O'Hare International Airport","Chicago","IL","USA",41.9796,-87.90446
"30","BOSFLL",3,0.205419908982593,"BOS","FLL","Gen. Edward Lawrence Logan International Airport","Boston","MA","USA",42.36435,-71.00518,"Fort Lauderdale-Hollywood International Airport","Ft. Lauderdale","FL","USA",26.07258,-80.15275
"31","ORDRSW",4,0.20508657431978,"ORD","RSW","Chicago O'Hare International Airport","Chicago","IL","USA",41.9796,-87.90446,"Southwest Florida International Airport","Ft. Myers","FL","USA",26.53617,-81.75517
"32","LAXPDX",4,0.200832923849795,"LAX","PDX","Los Angeles International Airport","Los Angeles","CA","USA",33.94254,-118.40807,"Portland International Airport","Portland","OR","USA",45.58872,-122.5975
"33","DFWORD",3,0.197770360508913,"DFW","ORD","Dallas/Fort Worth International Airport","Dallas-Fort Worth","TX","USA",32.89595,-97.0372,"Chicago O'Hare International Airport","Chicago","IL","USA",41.9796,-87.90446
"34","ORDSFO",4,0.19714649658111,"ORD","SFO","Chicago O'Hare International Airport","Chicago","IL","USA",41.9796,-87.90446,"San Francisco International Airport","San Francisco","CA","USA",37.619,-122.37484
"35","DENSFO",3,0.196746293012861,"DEN","SFO","Denver International Airport","Denver","CO","USA",39.85841,-104.667,"San Francisco International Airport","San Francisco","CA","USA",37.619,-122.37484
"36","ATLIAH",3,0.196584588182221,"ATL","IAH","Hartsfield-Jackson Atlanta International Airport","Atlanta","GA","USA",33.64044,-84.42694,"George Bush Intercontinental Airport","Houston","TX","USA",29.98047,-95.33972
"37","DENMIA",3,0.195602265315006,"DEN","MIA","Denver International Airport","Denver","CO","USA",39.85841,-104.667,"Miami International Airport","Miami","FL","USA",25.79325,-80.29056
"38","IAHPHL",3,0.194261947425239,"IAH","PHL","George Bush Intercontinental Airport","Houston","TX","USA",29.98047,-95.33972,"Philadelphia International Airport","Philadelphia","PA","USA",39.87195,-75.24114
"39","LAXSMF",3,0.193292956888961,"LAX","SMF","Los Angeles International Airport","Los Angeles","CA","USA",33.94254,-118.40807,"Sacramento International Airport","Sacramento","CA","USA",38.69542,-121.59077
"40","ATLPHL",5,0.192423200667758,"ATL","PHL","Hartsfield-Jackson Atlanta International Airport","Atlanta","GA","USA",33.64044,-84.42694,"Philadelphia International Airport","Philadelphia","PA","USA",39.87195,-75.24114
"41","MCOPHL",3,0.192250399320264,"MCO","PHL","Orlando International Airport","Orlando","FL","USA",28.42889,-81.31603,"Philadelphia International Airport","Philadelphia","PA","USA",39.87195,-75.24114
"42","DENDFW",4,0.190859373056591,"DEN","DFW","Denver International Airport","Denver","CO","USA",39.85841,-104.667,"Dallas/Fort Worth International Airport","Dallas-Fort Worth","TX","USA",32.89595,-97.0372
"43","ATLBWI",3,0.18810741474055,"ATL","BWI","Hartsfield-Jackson Atlanta International Airport","Atlanta","GA","USA",33.64044,-84.42694,"Baltimore-Washington International Airport","Baltimore","MD","USA",39.1754,-76.6682
"44","DENLGA",4,0.187425361181723,"DEN","LGA","Denver International Airport","Denver","CO","USA",39.85841,-104.667,"LaGuardia Airport (Marine Air Terminal)","New York","NY","USA",40.77724,-73.87261
"45","BOSDEN",3,0.187370356458799,"BOS","DEN","Gen. Edward Lawrence Logan International Airport","Boston","MA","USA",42.36435,-71.00518,"Denver International Airport","Denver","CO","USA",39.85841,-104.667
"46","JFKMCO",3,0.186708195161618,"JFK","MCO","John F. Kennedy International Airport (New York International Airport)","New York","NY","USA",40.63975,-73.77893,"Orlando International Airport","Orlando","FL","USA",28.42889,-81.31603
"47","LASSFO",5,0.183314987303174,"LAS","SFO","McCarran International Airport","Las Vegas","NV","USA",36.08036,-115.15233,"San Francisco International Airport","San Francisco","CA","USA",37.619,-122.37484
"48","LAXMCI",3,0.182947259213905,"LAX","MCI","Los Angeles International Airport","Los Angeles","CA","USA",33.94254,-118.40807,"Kansas City International Airport","Kansas City","MO","USA",39.29761,-94.71391
"49","DENLAX",4,0.182620653680005,"DEN","LAX","Denver International Airport","Denver","CO","USA",39.85841,-104.667,"Los Angeles International Airport","Los Angeles","CA","USA",33.94254,-118.40807
"50","FLLLAS",3,0.180840645458447,"FLL","LAS","Fort Lauderdale-Hollywood International Airport","Ft. Lauderdale","FL","USA",26.07258,-80.15275,"McCarran International Airport","Las Vegas","NV","USA",36.08036,-115.15233
"51","ORDSAN",3,0.178527905537635,"ORD","SAN","Chicago O'Hare International Airport","Chicago","IL","USA",41.9796,-87.90446,"San Diego International Airport (Lindbergh Field)","San Diego","CA","USA",32.73356,-117.18966
"52","DENOMA",3,0.178038166798712,"DEN","OMA","Denver International Airport","Denver","CO","USA",39.85841,-104.667,"Eppley Airfield","Omaha","NE","USA",41.30252,-95.89417
"53","LASLAX",6,0.177048911414369,"LAS","LAX","McCarran International Airport","Las Vegas","NV","USA",36.08036,-115.15233,"Los Angeles International Airport","Los Angeles","CA","USA",33.94254,-118.40807
"54","BOSJFK",3,0.175690903678565,"BOS","JFK","Gen. Edward Lawrence Logan International Airport","Boston","MA","USA",42.36435,-71.00518,"John F. Kennedy International Airport (New York International Airport)","New York","NY","USA",40.63975,-73.77893
"55","BWILAX",4,0.174081093383404,"BWI","LAX","Baltimore-Washington International Airport","Baltimore","MD","USA",39.1754,-76.6682,"Los Angeles International Airport","Los Angeles","CA","USA",33.94254,-118.40807
"56","SEASFO",4,0.173320517134494,"SEA","SFO","Seattle-Tacoma International Airport","Seattle","WA","USA",47.44898,-122.30931,"San Francisco International Airport","San Francisco","CA","USA",37.619,-122.37484
"57","PHLTPA",3,0.172965326239943,"PHL","TPA","Philadelphia International Airport","Philadelphia","PA","USA",39.87195,-75.24114,"Tampa International Airport","Tampa","FL","USA",27.97547,-82.53325
"58","LASPHL",3,0.172898694391216,"LAS","PHL","McCarran International Airport","Las Vegas","NV","USA",36.08036,-115.15233,"Philadelphia International Airport","Philadelphia","PA","USA",39.87195,-75.24114
"59","AUSDEN",3,0.169083206965464,"AUS","DEN","Austin-Bergstrom International Airport","Austin","TX","USA",30.19453,-97.66987,"Denver International Airport","Denver","CO","USA",39.85841,-104.667
"60","IADLAS",3,0.168915701861368,"IAD","LAS","Washington Dulles International Airport","Chantilly","VA","USA",38.94453,-77.45581,"McCarran International Airport","Las Vegas","NV","USA",36.08036,-115.15233
"61","ATLBOS",3,0.168487732812655,"ATL","BOS","Hartsfield-Jackson Atlanta International Airport","Atlanta","GA","USA",33.64044,-84.42694,"Gen. Edward Lawrence Logan International Airport","Boston","MA","USA",42.36435,-71.00518
"62","FLLJFK",3,0.167995436207257,"FLL","JFK","Fort Lauderdale-Hollywood International Airport","Ft. Lauderdale","FL","USA",26.07258,-80.15275,"John F. Kennedy International Airport (New York International Airport)","New York","NY","USA",40.63975,-73.77893
"63","ORDPDX",4,0.166787073869196,"ORD","PDX","Chicago O'Hare International Airport","Chicago","IL","USA",41.9796,-87.90446,"Portland International Airport","Portland","OR","USA",45.58872,-122.5975
"64","LAXPHX",4,0.16677568502604,"LAX","PHX","Los Angeles International Airport","Los Angeles","CA","USA",33.94254,-118.40807,"Phoenix Sky Harbor International Airport","Phoenix","AZ","USA",33.43417,-112.00806
"65","ATLLAS",4,0.165612275656522,"ATL","LAS","Hartsfield-Jackson Atlanta International Airport","Atlanta","GA","USA",33.64044,-84.42694,"McCarran International Airport","Las Vegas","NV","USA",36.08036,-115.15233
"66","PHXSEA",5,0.165423108038517,"PHX","SEA","Phoenix Sky Harbor International Airport","Phoenix","AZ","USA",33.43417,-112.00806,"Seattle-Tacoma International Airport","Seattle","WA","USA",47.44898,-122.30931
"67","ATLTPA",3,0.164367113996642,"ATL","TPA","Hartsfield-Jackson Atlanta International Airport","Atlanta","GA","USA",33.64044,-84.42694,"Tampa International Airport","Tampa","FL","USA",27.97547,-82.53325
"68","DFWDTW",3,0.16424655250915,"DFW","DTW","Dallas/Fort Worth International Airport","Dallas-Fort Worth","TX","USA",32.89595,-97.0372,"Detroit Metropolitan Airport","Detroit","MI","USA",42.21206,-83.34884
"69","DFWMSP",3,0.16407460766217,"DFW","MSP","Dallas/Fort Worth International Airport","Dallas-Fort Worth","TX","USA",32.89595,-97.0372,"Minneapolis-Saint Paul International Airport","Minneapolis","MN","USA",44.88055,-93.21692
"70","CLEPHX",3,0.163531584870258,"CLE","PHX","Cleveland Hopkins International Airport","Cleveland","OH","USA",41.41089,-81.8494,"Phoenix Sky Harbor International Airport","Phoenix","AZ","USA",33.43417,-112.00806
"71","ATLDTW",3,0.163146846263475,"ATL","DTW","Hartsfield-Jackson Atlanta International Airport","Atlanta","GA","USA",33.64044,-84.42694,"Detroit Metropolitan Airport","Detroit","MI","USA",42.21206,-83.34884
"72","JFKPHX",3,0.162664001704236,"JFK","PHX","John F. Kennedy International Airport (New York International Airport)","New York","NY","USA",40.63975,-73.77893,"Phoenix Sky Harbor International Airport","Phoenix","AZ","USA",33.43417,-112.00806
"73","MIAORD",3,0.162261868674378,"MIA","ORD","Miami International Airport","Miami","FL","USA",25.79325,-80.29056,"Chicago O'Hare International Airport","Chicago","IL","USA",41.9796,-87.90446
"74","FLLORD",3,0.161763596382545,"FLL","ORD","Fort Lauderdale-Hollywood International Airport","Ft. Lauderdale","FL","USA",26.07258,-80.15275,"Chicago O'Hare International Airport","Chicago","IL","USA",41.9796,-87.90446
"75","BWIFLL",3,0.161625458134381,"BWI","FLL","Baltimore-Washington International Airport","Baltimore","MD","USA",39.1754,-76.6682,"Fort Lauderdale-Hollywood International Airport","Ft. Lauderdale","FL","USA",26.07258,-80.15275
"76","JFKSEA",4,0.161518983561059,"JFK","SEA","John F. Kennedy International Airport (New York International Airport)","New York","NY","USA",40.63975,-73.77893,"Seattle-Tacoma International Airport","Seattle","WA","USA",47.44898,-122.30931
"77","DENMSP",5,0.159439815913302,"DEN","MSP","Denver International Airport","Denver","CO","USA",39.85841,-104.667,"Minneapolis-Saint Paul International Airport","Minneapolis","MN","USA",44.88055,-93.21692
"78","PHXSFO",4,0.159388854524691,"PHX","SFO","Phoenix Sky Harbor International Airport","Phoenix","AZ","USA",33.43417,-112.00806,"San Francisco International Airport","San Francisco","CA","USA",37.619,-122.37484
"79","DENSTL",3,0.159046652020891,"DEN","STL","Denver International Airport","Denver","CO","USA",39.85841,-104.667,"St. Louis International Airport at Lambert Field","St Louis","MO","USA",38.74769,-90.35999
"80","FLLPHL",3,0.157963583528602,"FLL","PHL","Fort Lauderdale-Hollywood International Airport","Ft. Lauderdale","FL","USA",26.07258,-80.15275,"Philadelphia International Airport","Philadelphia","PA","USA",39.87195,-75.24114
"81","ATLLGA",3,0.156588448118619,"ATL","LGA","Hartsfield-Jackson Atlanta International Airport","Atlanta","GA","USA",33.64044,-84.42694,"LaGuardia Airport (Marine Air Terminal)","New York","NY","USA",40.77724,-73.87261
"82","AUSORD",3,0.15593312112682,"AUS","ORD","Austin-Bergstrom International Airport","Austin","TX","USA",30.19453,-97.66987,"Chicago O'Hare International Airport","Chicago","IL","USA",41.9796,-87.90446
"83","BOSSFO",3,0.155769099768569,"BOS","SFO","Gen. Edward Lawrence Logan International Airport","Boston","MA","USA",42.36435,-71.00518,"San Francisco International Airport","San Francisco","CA","USA",37.619,-122.37484
"84","IAHLAS",3,0.155409017385583,"IAH","LAS","George Bush Intercontinental Airport","Houston","TX","USA",29.98047,-95.33972,"McCarran International Airport","Las Vegas","NV","USA",36.08036,-115.15233
"85","ATLMIA",3,0.153380288106075,"ATL","MIA","Hartsfield-Jackson Atlanta International Airport","Atlanta","GA","USA",33.64044,-84.42694,"Miami International Airport","Miami","FL","USA",25.79325,-80.29056
"86","HNLSFO",4,0.153161185991358,"HNL","SFO","Honolulu International Airport","Honolulu","HI","USA",21.31869,-157.92241,"San Francisco International Airport","San Francisco","CA","USA",37.619,-122.37484
"87","DENOKC",3,0.153044276350553,"DEN","OKC","Denver International Airport","Denver","CO","USA",39.85841,-104.667,"Will Rogers World Airport","Oklahoma City","OK","USA",35.39309,-97.60073
"88","DENPHX",5,0.151838978781093,"DEN","PHX","Denver International Airport","Denver","CO","USA",39.85841,-104.667,"Phoenix Sky Harbor International Airport","Phoenix","AZ","USA",33.43417,-112.00806
"89","ATLLAX",5,0.151794435022163,"ATL","LAX","Hartsfield-Jackson Atlanta International Airport","Atlanta","GA","USA",33.64044,-84.42694,"Los Angeles International Airport","Los Angeles","CA","USA",33.94254,-118.40807
"90","SANSFO",3,0.15082624835138,"SAN","SFO","San Diego International Airport (Lindbergh Field)","San Diego","CA","USA",32.73356,-117.18966,"San Francisco International Airport","San Francisco","CA","USA",37.619,-122.37484
"91","EWRPHX",3,0.1508196127002,"EWR","PHX","Newark Liberty International Airport","Newark","NJ","USA",40.6925,-74.16866,"Phoenix Sky Harbor International Airport","Phoenix","AZ","USA",33.43417,-112.00806
"92","DENRSW",3,0.150544818934044,"DEN","RSW","Denver International Airport","Denver","CO","USA",39.85841,-104.667,"Southwest Florida International Airport","Ft. Myers","FL","USA",26.53617,-81.75517
"93","DENDTW",5,0.150218046763674,"DEN","DTW","Denver International Airport","Denver","CO","USA",39.85841,-104.667,"Detroit Metropolitan Airport","Detroit","MI","USA",42.21206,-83.34884
"94","DENMCO",3,0.149628054860335,"DEN","MCO","Denver International Airport","Denver","CO","USA",39.85841,-104.667,"Orlando International Airport","Orlando","FL","USA",28.42889,-81.31603
"95","DENMSY",3,0.148687209292474,"DEN","MSY","Denver International Airport","Denver","CO","USA",39.85841,-104.667,"Louis Armstrong New Orleans International Airport","New Orleans","LA","USA",29.99339,-90.25803
"96","DENLAS",4,0.146852654240099,"DEN","LAS","Denver International Airport","Denver","CO","USA",39.85841,-104.667,"McCarran International Airport","Las Vegas","NV","USA",36.08036,-115.15233
"97","BOSPHX",4,0.146717745425321,"BOS","PHX","Gen. Edward Lawrence Logan International Airport","Boston","MA","USA",42.36435,-71.00518,"Phoenix Sky Harbor International Airport","Phoenix","AZ","USA",33.43417,-112.00806
"98","ATLMCO",4,0.146683986201626,"ATL","MCO","Hartsfield-Jackson Atlanta International Airport","Atlanta","GA","USA",33.64044,-84.42694,"Orlando International Airport","Orlando","FL","USA",28.42889,-81.31603
"99","ATLDEN",4,0.146410158844625,"ATL","DEN","Hartsfield-Jackson Atlanta International Airport","Atlanta","GA","USA",33.64044,-84.42694,"Denver International Airport","Denver","CO","USA",39.85841,-104.667
"100","OGGSEA",3,0.145819885940392,"OGG","SEA","Kahului Airport","Kahului","HI","USA",20.89865,-156.43046,"Seattle-Tacoma International Airport","Seattle","WA","USA",47.44898,-122.30931
"101","FLLSFO",3,0.145741143084535,"FLL","SFO","Fort Lauderdale-Hollywood International Airport","Ft. Lauderdale","FL","USA",26.07258,-80.15275,"San Francisco International Airport","San Francisco","CA","USA",37.619,-122.37484
"102","BOSDFW",3,0.145474988800842,"BOS","DFW","Gen. Edward Lawrence Logan International Airport","Boston","MA","USA",42.36435,-71.00518,"Dallas/Fort Worth International Airport","Dallas-Fort Worth","TX","USA",32.89595,-97.0372
"103","BNALAX",3,0.144675172921799,"BNA","LAX","Nashville International Airport","Nashville","TN","USA",36.12448,-86.67818,"Los Angeles International Airport","Los Angeles","CA","USA",33.94254,-118.40807
"104","DENSLC",4,0.144155813085404,"DEN","SLC","Denver International Airport","Denver","CO","USA",39.85841,-104.667,"Salt Lake City International Airport","Salt Lake City","UT","USA",40.78839,-111.97777
"105","AUSJFK",3,0.143588692868609,"AUS","JFK","Austin-Bergstrom International Airport","Austin","TX","USA",30.19453,-97.66987,"John F. Kennedy International Airport (New York International Airport)","New York","NY","USA",40.63975,-73.77893
"106","LGAMCO",3,0.143279635063076,"LGA","MCO","LaGuardia Airport (Marine Air Terminal)","New York","NY","USA",40.77724,-73.87261,"Orlando International Airport","Orlando","FL","USA",28.42889,-81.31603
"107","BOSRSW",3,0.141728546299786,"BOS","RSW","Gen. Edward Lawrence Logan International Airport","Boston","MA","USA",42.36435,-71.00518,"Southwest Florida International Airport","Ft. Myers","FL","USA",26.53617,-81.75517
"108","IAHPHX",3,0.141567820141928,"IAH","PHX","George Bush Intercontinental Airport","Houston","TX","USA",29.98047,-95.33972,"Phoenix Sky Harbor International Airport","Phoenix","AZ","USA",33.43417,-112.00806
"109","JFKSJU",3,0.141093293614604,"JFK","SJU","John F. Kennedy International Airport (New York International Airport)","New York","NY","USA",40.63975,-73.77893,"Luis Muñoz Marín International Airport","San Juan","PR","USA",18.43942,-66.00183
"110","DENSEA",4,0.140588356779768,"DEN","SEA","Denver International Airport","Denver","CO","USA",39.85841,-104.667,"Seattle-Tacoma International Airport","Seattle","WA","USA",47.44898,-122.30931
"111","MCOSJU",3,0.140299267272048,"MCO","SJU","Orlando International Airport","Orlando","FL","USA",28.42889,-81.31603,"Luis Muñoz Marín International Airport","San Juan","PR","USA",18.43942,-66.00183
"112","ATLIND",3,0.139872760037409,"ATL","IND","Hartsfield-Jackson Atlanta International Airport","Atlanta","GA","USA",33.64044,-84.42694,"Indianapolis International Airport","Indianapolis","IN","USA",39.71733,-86.29438
"113","ATLIAD",3,0.139807590004984,"ATL","IAD","Hartsfield-Jackson Atlanta International Airport","Atlanta","GA","USA",33.64044,-84.42694,"Washington Dulles International Airport","Chantilly","VA","USA",38.94453,-77.45581
"114","JFKLAS",4,0.13970248325646,"JFK","LAS","John F. Kennedy International Airport (New York International Airport)","New York","NY","USA",40.63975,-73.77893,"McCarran International Airport","Las Vegas","NV","USA",36.08036,-115.15233
"115","CLERSW",4,0.137968950276854,"CLE","RSW","Cleveland Hopkins International Airport","Cleveland","OH","USA",41.41089,-81.8494,"Southwest Florida International Airport","Ft. Myers","FL","USA",26.53617,-81.75517
"116","ATLDFW",3,0.137061426649755,"ATL","DFW","Hartsfield-Jackson Atlanta International Airport","Atlanta","GA","USA",33.64044,-84.42694,"Dallas/Fort Worth International Airport","Dallas-Fort Worth","TX","USA",32.89595,-97.0372
"117","ORDSJU",3,0.135498801553847,"ORD","SJU","Chicago O'Hare International Airport","Chicago","IL","USA",41.9796,-87.90446,"Luis Muñoz Marín International Airport","San Juan","PR","USA",18.43942,-66.00183
"118","DENTPA",3,0.135173413109717,"DEN","TPA","Denver International Airport","Denver","CO","USA",39.85841,-104.667,"Tampa International Airport","Tampa","FL","USA",27.97547,-82.53325
"119","DCAMCO",3,0.13499675862893,"DCA","MCO","Ronald Reagan Washington National Airport","Arlington","VA","USA",38.85208,-77.03772,"Orlando International Airport","Orlando","FL","USA",28.42889,-81.31603
"120","PSPSFO",3,0.134727053805608,"PSP","SFO","Palm Springs International Airport","Palm Springs","CA","USA",33.82922,-116.50625,"San Francisco International Airport","San Francisco","CA","USA",37.619,-122.37484
"121","DCARSW",3,0.134488908646452,"DCA","RSW","Ronald Reagan Washington National Airport","Arlington","VA","USA",38.85208,-77.03772,"Southwest Florida International Airport","Ft. Myers","FL","USA",26.53617,-81.75517
"122","JFKSFO",5,0.133034163517224,"JFK","SFO","John F. Kennedy International Airport (New York International Airport)","New York","NY","USA",40.63975,-73.77893,"San Francisco International Airport","San Francisco","CA","USA",37.619,-122.37484
"123","OGGSFO",3,0.132580684711021,"OGG","SFO","Kahului Airport","Kahului","HI","USA",20.89865,-156.43046,"San Francisco International Airport","San Francisco","CA","USA",37.619,-122.37484
"124","LAXMCO",5,0.132250788943087,"LAX","MCO","Los Angeles International Airport","Los Angeles","CA","USA",33.94254,-118.40807,"Orlando International Airport","Orlando","FL","USA",28.42889,-81.31603
"125","ORDSEA",3,0.131801091378039,"ORD","SEA","Chicago O'Hare International Airport","Chicago","IL","USA",41.9796,-87.90446,"Seattle-Tacoma International Airport","Seattle","WA","USA",47.44898,-122.30931
"126","MCOMKE",3,0.130962363981232,"MCO","MKE","Orlando International Airport","Orlando","FL","USA",28.42889,-81.31603,"General Mitchell International Airport","Milwaukee","WI","USA",42.94722,-87.89658
"127","BOSLAX",5,0.13043538515527,"BOS","LAX","Gen. Edward Lawrence Logan International Airport","Boston","MA","USA",42.36435,-71.00518,"Los Angeles International Airport","Los Angeles","CA","USA",33.94254,-118.40807
"128","FLLSJU",3,0.130365684921312,"FLL","SJU","Fort Lauderdale-Hollywood International Airport","Ft. Lauderdale","FL","USA",26.07258,-80.15275,"Luis Muñoz Marín International Airport","San Juan","PR","USA",18.43942,-66.00183
"129","JFKSAN",3,0.129726019387759,"JFK","SAN","John F. Kennedy International Airport (New York International Airport)","New York","NY","USA",40.63975,-73.77893,"San Diego International Airport (Lindbergh Field)","San Diego","CA","USA",32.73356,-117.18966
"130","DENPHL",3,0.129472623539735,"DEN","PHL","Denver International Airport","Denver","CO","USA",39.85841,-104.667,"Philadelphia International Airport","Philadelphia","PA","USA",39.87195,-75.24114
"131","BOSMCO",3,0.129218054009733,"BOS","MCO","Gen. Edward Lawrence Logan International Airport","Boston","MA","USA",42.36435,-71.00518,"Orlando International Airport","Orlando","FL","USA",28.42889,-81.31603
"132","DFWLAX",4,0.129091032995024,"DFW","LAX","Dallas/Fort Worth International Airport","Dallas-Fort Worth","TX","USA",32.89595,-97.0372,"Los Angeles International Airport","Los Angeles","CA","USA",33.94254,-118.40807
"133","DENIND",3,0.129054714241721,"DEN","IND","Denver International Airport","Denver","CO","USA",39.85841,-104.667,"Indianapolis International Airport","Indianapolis","IN","USA",39.71733,-86.29438
"134","HNLSEA",3,0.12826623473961,"HNL","SEA","Honolulu International Airport","Honolulu","HI","USA",21.31869,-157.92241,"Seattle-Tacoma International Airport","Seattle","WA","USA",47.44898,-122.30931
"135","CLELAS",4,0.128113961974385,"CLE","LAS","Cleveland Hopkins International Airport","Cleveland","OH","USA",41.41089,-81.8494,"McCarran International Airport","Las Vegas","NV","USA",36.08036,-115.15233
"136","DTWORD",3,0.127795352931303,"DTW","ORD","Detroit Metropolitan Airport","Detroit","MI","USA",42.21206,-83.34884,"Chicago O'Hare International Airport","Chicago","IL","USA",41.9796,-87.90446
"137","DCAFLL",3,0.125531072280153,"DCA","FLL","Ronald Reagan Washington National Airport","Arlington","VA","USA",38.85208,-77.03772,"Fort Lauderdale-Hollywood International Airport","Ft. Lauderdale","FL","USA",26.07258,-80.15275
"138","HNLLAX",4,0.125205910778818,"HNL","LAX","Honolulu International Airport","Honolulu","HI","USA",21.31869,-157.92241,"Los Angeles International Airport","Los Angeles","CA","USA",33.94254,-118.40807
"139","CLETPA",3,0.124531753255418,"CLE","TPA","Cleveland Hopkins International Airport","Cleveland","OH","USA",41.41089,-81.8494,"Tampa International Airport","Tampa","FL","USA",27.97547,-82.53325
"140","MSPPHL",3,0.124510275256522,"MSP","PHL","Minneapolis-Saint Paul International Airport","Minneapolis","MN","USA",44.88055,-93.21692,"Philadelphia International Airport","Philadelphia","PA","USA",39.87195,-75.24114
"141","ATLAUS",3,0.123859365973246,"ATL","AUS","Hartsfield-Jackson Atlanta International Airport","Atlanta","GA","USA",33.64044,-84.42694,"Austin-Bergstrom International Airport","Austin","TX","USA",30.19453,-97.66987
"142","DENMCI",3,0.122543775697835,"DEN","MCI","Denver International Airport","Denver","CO","USA",39.85841,-104.667,"Kansas City International Airport","Kansas City","MO","USA",39.29761,-94.71391
"143","CLEFLL",4,0.12212062426314,"CLE","FLL","Cleveland Hopkins International Airport","Cleveland","OH","USA",41.41089,-81.8494,"Fort Lauderdale-Hollywood International Airport","Ft. Lauderdale","FL","USA",26.07258,-80.15275
"144","JFKLAX",5,0.12210304946413,"JFK","LAX","John F. Kennedy International Airport (New York International Airport)","New York","NY","USA",40.63975,-73.77893,"Los Angeles International Airport","Los Angeles","CA","USA",33.94254,-118.40807
"145","DCATPA",3,0.121639380210021,"DCA","TPA","Ronald Reagan Washington National Airport","Arlington","VA","USA",38.85208,-77.03772,"Tampa International Airport","Tampa","FL","USA",27.97547,-82.53325
"146","IADLAX",3,0.121461727554775,"IAD","LAX","Washington Dulles International Airport","Chantilly","VA","USA",38.94453,-77.45581,"Los Angeles International Airport","Los Angeles","CA","USA",33.94254,-118.40807
"147","DENGEG",3,0.12112826083081,"DEN","GEG","Denver International Airport","Denver","CO","USA",39.85841,-104.667,"Spokane International Airport","Spokane","WA","USA",47.61986,-117.53384
"148","DTWFLL",3,0.120735559961656,"DTW","FLL","Detroit Metropolitan Airport","Detroit","MI","USA",42.21206,-83.34884,"Fort Lauderdale-Hollywood International Airport","Ft. Lauderdale","FL","USA",26.07258,-80.15275
"149","ATLFLL",3,0.118627384458535,"ATL","FLL","Hartsfield-Jackson Atlanta International Airport","Atlanta","GA","USA",33.64044,-84.42694,"Fort Lauderdale-Hollywood International Airport","Ft. Lauderdale","FL","USA",26.07258,-80.15275
"150","LASSEA",3,0.117619672976965,"LAS","SEA","McCarran International Airport","Las Vegas","NV","USA",36.08036,-115.15233,"Seattle-Tacoma International Airport","Seattle","WA","USA",47.44898,-122.30931
"151","DFWLGA",3,0.117087691251842,"DFW","LGA","Dallas/Fort Worth International Airport","Dallas-Fort Worth","TX","USA",32.89595,-97.0372,"LaGuardia Airport (Marine Air Terminal)","New York","NY","USA",40.77724,-73.87261
"152","DENSAN",4,0.116909669297831,"DEN","SAN","Denver International Airport","Denver","CO","USA",39.85841,-104.667,"San Diego International Airport (Lindbergh Field)","San Diego","CA","USA",32.73356,-117.18966
"153","CLEMCO",4,0.116672466032718,"CLE","MCO","Cleveland Hopkins International Airport","Cleveland","OH","USA",41.41089,-81.8494,"Orlando International Airport","Orlando","FL","USA",28.42889,-81.31603
"154","DENFLL",3,0.115588975456962,"DEN","FLL","Denver International Airport","Denver","CO","USA",39.85841,-104.667,"Fort Lauderdale-Hollywood International Airport","Ft. Lauderdale","FL","USA",26.07258,-80.15275
"155","ATLMSY",3,0.115142103251704,"ATL","MSY","Hartsfield-Jackson Atlanta International Airport","Atlanta","GA","USA",33.64044,-84.42694,"Louis Armstrong New Orleans International Airport","New Orleans","LA","USA",29.99339,-90.25803
"156","LAXMSY",3,0.114915559182915,"LAX","MSY","Los Angeles International Airport","Los Angeles","CA","USA",33.94254,-118.40807,"Louis Armstrong New Orleans International Airport","New Orleans","LA","USA",29.99339,-90.25803
"157","DFWPDX",3,0.114368528477912,"DFW","PDX","Dallas/Fort Worth International Airport","Dallas-Fort Worth","TX","USA",32.89595,-97.0372,"Portland International Airport","Portland","OR","USA",45.58872,-122.5975
"158","INDLAX",3,0.114050869201665,"IND","LAX","Indianapolis International Airport","Indianapolis","IN","USA",39.71733,-86.29438,"Los Angeles International Airport","Los Angeles","CA","USA",33.94254,-118.40807
"159","DENPDX",3,0.112794614416592,"DEN","PDX","Denver International Airport","Denver","CO","USA",39.85841,-104.667,"Portland International Airport","Portland","OR","USA",45.58872,-122.5975
"160","DTWLAS",3,0.112689805296462,"DTW","LAS","Detroit Metropolitan Airport","Detroit","MI","USA",42.21206,-83.34884,"McCarran International Airport","Las Vegas","NV","USA",36.08036,-115.15233
"161","MCOMSP",3,0.11131421072366,"MCO","MSP","Orlando International Airport","Orlando","FL","USA",28.42889,-81.31603,"Minneapolis-Saint Paul International Airport","Minneapolis","MN","USA",44.88055,-93.21692
"162","CLEDEN",3,0.110188027254164,"CLE","DEN","Cleveland Hopkins International Airport","Cleveland","OH","USA",41.41089,-81.8494,"Denver International Airport","Denver","CO","USA",39.85841,-104.667
"163","LAXSLC",3,0.11007301387532,"LAX","SLC","Los Angeles International Airport","Los Angeles","CA","USA",33.94254,-118.40807,"Salt Lake City International Airport","Salt Lake City","UT","USA",40.78839,-111.97777
"164","MSPPHX",4,0.110041537761017,"MSP","PHX","Minneapolis-Saint Paul International Airport","Minneapolis","MN","USA",44.88055,-93.21692,"Phoenix Sky Harbor International Airport","Phoenix","AZ","USA",33.43417,-112.00806
"165","LAXOGG",4,0.10971004957799,"LAX","OGG","Los Angeles International Airport","Los Angeles","CA","USA",33.94254,-118.40807,"Kahului Airport","Kahului","HI","USA",20.89865,-156.43046
"166","PDXSFO",3,0.10570615448334,"PDX","SFO","Portland International Airport","Portland","OR","USA",45.58872,-122.5975,"San Francisco International Airport","San Francisco","CA","USA",37.619,-122.37484
"167","PHXSLC",4,0.105683637016215,"PHX","SLC","Phoenix Sky Harbor International Airport","Phoenix","AZ","USA",33.43417,-112.00806,"Salt Lake City International Airport","Salt Lake City","UT","USA",40.78839,-111.97777
"168","DENSNA",3,0.10510929459486,"DEN","SNA","Denver International Airport","Denver","CO","USA",39.85841,-104.667,"John Wayne Airport (Orange County Airport)","Santa Ana","CA","USA",33.67566,-117.86822
"169","ANCSEA",3,0.102754555071724,"ANC","SEA","Ted Stevens Anchorage International Airport","Anchorage","AK","USA",61.17432,-149.99619,"Seattle-Tacoma International Airport","Seattle","WA","USA",47.44898,-122.30931
"170","ATLCLE",3,0.101850387254687,"ATL","CLE","Hartsfield-Jackson Atlanta International Airport","Atlanta","GA","USA",33.64044,-84.42694,"Cleveland Hopkins International Airport","Cleveland","OH","USA",41.41089,-81.8494
"171","LASPDX",3,0.101252670535858,"LAS","PDX","McCarran International Airport","Las Vegas","NV","USA",36.08036,-115.15233,"Portland International Airport","Portland","OR","USA",45.58872,-122.5975
"172","BOSDTW",3,0.099822367009867,"BOS","DTW","Gen. Edward Lawrence Logan International Airport","Boston","MA","USA",42.36435,-71.00518,"Detroit Metropolitan Airport","Detroit","MI","USA",42.21206,-83.34884
"173","ATLSFO",3,0.098386081170607,"ATL","SFO","Hartsfield-Jackson Atlanta International Airport","Atlanta","GA","USA",33.64044,-84.42694,"San Francisco International Airport","San Francisco","CA","USA",37.619,-122.37484
"174","AUSLAX",4,0.0953241308563329,"AUS","LAX","Austin-Bergstrom International Airport","Austin","TX","USA",30.19453,-97.66987,"Los Angeles International Airport","Los Angeles","CA","USA",33.94254,-118.40807
"175","DTWPHX",3,0.0941180578718246,"DTW","PHX","Detroit Metropolitan Airport","Detroit","MI","USA",42.21206,-83.34884,"Phoenix Sky Harbor International Airport","Phoenix","AZ","USA",33.43417,-112.00806
"176","KOALAX",4,0.0936721208128005,"KOA","LAX","Kona International Airport at Keahole","Kailua/Kona","HI","USA",19.73877,-156.04563,"Los Angeles International Airport","Los Angeles","CA","USA",33.94254,-118.40807
"177","BNADEN",3,0.0934573727369145,"BNA","DEN","Nashville International Airport","Nashville","TN","USA",36.12448,-86.67818,"Denver International Airport","Denver","CO","USA",39.85841,-104.667
"178","MSPRSW",3,0.0934185527257165,"MSP","RSW","Minneapolis-Saint Paul International Airport","Minneapolis","MN","USA",44.88055,-93.21692,"Southwest Florida International Airport","Ft. Myers","FL","USA",26.53617,-81.75517
"179","LASOAK",3,0.0926622014845192,"LAS","OAK","McCarran International Airport","Las Vegas","NV","USA",36.08036,-115.15233,"Oakland International Airport","Oakland","CA","USA",37.72129,-122.22072
"180","SFOSLC",3,0.0915710149312811,"SFO","SLC","San Francisco International Airport","San Francisco","CA","USA",37.619,-122.37484,"Salt Lake City International Airport","Salt Lake City","UT","USA",40.78839,-111.97777
"181","DTWMCO",4,0.0915624709876789,"DTW","MCO","Detroit Metropolitan Airport","Detroit","MI","USA",42.21206,-83.34884,"Orlando International Airport","Orlando","FL","USA",28.42889,-81.31603
"182","LAXSEA",5,0.089868875435908,"LAX","SEA","Los Angeles International Airport","Los Angeles","CA","USA",33.94254,-118.40807,"Seattle-Tacoma International Airport","Seattle","WA","USA",47.44898,-122.30931
"183","ATLPHX",3,0.0898210329923402,"ATL","PHX","Hartsfield-Jackson Atlanta International Airport","Atlanta","GA","USA",33.64044,-84.42694,"Phoenix Sky Harbor International Airport","Phoenix","AZ","USA",33.43417,-112.00806
"184","ATLMSP",3,0.0895095357783232,"ATL","MSP","Hartsfield-Jackson Atlanta International Airport","Atlanta","GA","USA",33.64044,-84.42694,"Minneapolis-Saint Paul International Airport","Minneapolis","MN","USA",44.88055,-93.21692
"185","HNLPDX",3,0.0873800646628452,"HNL","PDX","Honolulu International Airport","Honolulu","HI","USA",21.31869,-157.92241,"Portland International Airport","Portland","OR","USA",45.58872,-122.5975
"186","PDXPHX",3,0.0866818727114835,"PDX","PHX","Portland International Airport","Portland","OR","USA",45.58872,-122.5975,"Phoenix Sky Harbor International Airport","Phoenix","AZ","USA",33.43417,-112.00806
"187","ATLRSW",3,0.0848711157379346,"ATL","RSW","Hartsfield-Jackson Atlanta International Airport","Atlanta","GA","USA",33.64044,-84.42694,"Southwest Florida International Airport","Ft. Myers","FL","USA",26.53617,-81.75517
"188","LAXLIH",4,0.084579570278829,"LAX","LIH","Los Angeles International Airport","Los Angeles","CA","USA",33.94254,-118.40807,"Lihue Airport","Lihue","HI","USA",21.97598,-159.33896
"189","SEASMF",3,0.0764668047832807,"SEA","SMF","Seattle-Tacoma International Airport","Seattle","WA","USA",47.44898,-122.30931,"Sacramento International Airport","Sacramento","CA","USA",38.69542,-121.59077
"190","SANSEA",3,0.0762996624811285,"SAN","SEA","San Diego International Airport (Lindbergh Field)","San Diego","CA","USA",32.73356,-117.18966,"Seattle-Tacoma International Airport","Seattle","WA","USA",47.44898,-122.30931
"191","BOSCLE",3,0.06637223525575,"BOS","CLE","Gen. Edward Lawrence Logan International Airport","Boston","MA","USA",42.36435,-71.00518,"Cleveland Hopkins International Airport","Cleveland","OH","USA",41.41089,-81.8494
"192","ATLSEA",3,0.0645118684618184,"ATL","SEA","Hartsfield-Jackson Atlanta International Airport","Atlanta","GA","USA",33.64044,-84.42694,"Seattle-Tacoma International Airport","Seattle","WA","USA",47.44898,-122.30931
"193","MSPTPA",3,0.059415620328049,"MSP","TPA","Minneapolis-Saint Paul International Airport","Minneapolis","MN","USA",44.88055,-93.21692,"Tampa International Airport","Tampa","FL","USA",27.97547,-82.53325
"194","PDXSAN",3,0.0481698751548174,"PDX","SAN","Portland International Airport","Portland","OR","USA",45.58872,-122.5975,"San Diego International Airport (Lindbergh Field)","San Diego","CA","USA",32.73356,-117.18966
